PART	npc_mara_Idle	Root	Part	Block	1	1	0.2	1	1	1	1	0	0	0	1	0	0	0	1	0	0	0	1	None
PART	npc_mara_Idle	Torso	Part	Block	0	2	2	1	1	0.37254901960784315	0.49019607843137253	0	3	0	1	0	0	0	1	0	0	0	1	None
PART	npc_mara_Idle	Leg	Part	Block	0	0.9	1.65	0.9	0.11372549019607843	0.16470588235294117	0.26666666666666666	-0.52	1.075	0	1	0	0	0	1	0	0	0	1	None
PART	npc_mara_Idle	Shoe	Part	Block	0	0.94	0.35	1.15	1	0.9803921568627451	0.9098039215686274	-0.52	0.175	-0.08	1	0	0	0	1	0	0	0	1	None
PART	npc_mara_Idle	Sleeve	Part	Block	0	0.85	1.2	0.95	1	0.37254901960784315	0.49019607843137253	-1.5	3.25	0	1	0	0	0	1	0	0	0	1	None
PART	npc_mara_Idle	Cuff	Part	Block	0	0.87	0.16	0.97	1	0.9803921568627451	0.9098039215686274	-1.5	2.7	0	1	0	0	0	1	0	0	0	1	None
PART	npc_mara_Idle	Hand	Part	Block	0	0.8	0.65	0.9	0.8705882352941177	0.6588235294117647	0.4627450980392157	-1.5	2.3200000000000003	0	1	0	0	0	1	0	0	0	1	None
PART	npc_mara_Idle	Leg	Part	Block	0	0.9	1.65	0.9	0.11372549019607843	0.16470588235294117	0.26666666666666666	0.52	1.075	0	1	0	0	0	1	0	0	0	1	None
PART	npc_mara_Idle	Shoe	Part	Block	0	0.94	0.35	1.15	1	0.9803921568627451	0.9098039215686274	0.52	0.175	-0.08	1	0	0	0	1	0	0	0	1	None
PART	npc_mara_Idle	Sleeve	Part	Block	0	0.85	1.2	0.95	1	0.37254901960784315	0.49019607843137253	1.5	3.25	0	1	0	0	0	1	0	0	0	1	None
PART	npc_mara_Idle	Cuff	Part	Block	0	0.87	0.16	0.97	1	0.9803921568627451	0.9098039215686274	1.5	2.7	0	1	0	0	0	1	0	0	0	1	None
PART	npc_mara_Idle	Hand	Part	Block	0	0.8	0.65	0.9	0.8705882352941177	0.6588235294117647	0.4627450980392157	1.5	2.3200000000000003	0	1	0	0	0	1	0	0	0	1	None
PART	npc_mara_Idle	Head	Part	Cylinder	0	1.1	1.45	1.45	0.8705882352941177	0.6588235294117647	0.4627450980392157	0	4.55	0	6.123233995736766e-17	-1	0	1	6.123233995736766e-17	0	0	0	1	None
PART	npc_mara_Idle	Eye	Part	Ball	0	0.2	0.2	0.2	0.09803921568627451	0.08627450980392157	0.13725490196078433	-0.3	4.68	-0.75	1	0	0	0	1	0	0	0	1	None
PART	npc_mara_Idle	EyeShine	Part	Ball	0	0.07600000000000001	0.07600000000000001	0.07600000000000001	0.78	0.78	0.78	-0.256	4.723999999999999	-0.822	1	0	0	0	1	0	0	0	1	None
PART	npc_mara_Idle	Eye	Part	Ball	0	0.2	0.2	0.2	0.09803921568627451	0.08627450980392157	0.13725490196078433	0.3	4.68	-0.75	1	0	0	0	1	0	0	0	1	None
PART	npc_mara_Idle	EyeShine	Part	Ball	0	0.07600000000000001	0.07600000000000001	0.07600000000000001	0.78	0.78	0.78	0.344	4.723999999999999	-0.822	1	0	0	0	1	0	0	0	1	None
PART	npc_mara_Idle	Mouth	Part	Block	0	0.24	0.12	0.08	0.47058823529411764	0.11764705882352941	0.17647058823529413	0	4.46	-0.74	1	0	0	0	1	0	0	0	1	Sphere
PART	npc_mara_Idle	HairCap	Part	Block	0	1.5	0.35	1.45	0.3137254901960784	0.18823529411764706	0.13725490196078433	0	5.05	0	1	0	0	0	1	0	0	0	1	None
PART	npc_mara_Idle	HairBun	Part	Ball	0	0.72	0.72	0.72	0.3137254901960784	0.18823529411764706	0.13725490196078433	0	5.05	0.75	1	0	0	0	1	0	0	0	1	None
PART	npc_mara_Idle	Collar	Part	Block	0	0.18	0.7905694150420947	0.1	1	0.9803921568627451	0.9098039215686274	-0.325	3.675	-0.56	0	0.8221921916437789	-0.5692099788303081	0	-0.5692099788303081	-0.8221921916437789	-1	0	-0	None
PART	npc_mara_Idle	WhistleCord	Part	Cylinder	0	0.7435724578008518	0.045	0.045	0.11372549019607843	0.16470588235294117	0.26666666666666666	-0.125	3.55	-0.63	0.33621471233534655	0.07974522228289009	-0.938403093948604	-0.94140119453897	-5.764419798028222e-17	-0.3372888834820984	-0.026897176986827812	0.9968152785361251	0.0750722475158884	None
PART	npc_mara_Idle	Collar	Part	Block	0	0.18	0.7905694150420947	0.1	1	0.9803921568627451	0.9098039215686274	0.325	3.675	-0.56	0	-0.8221921916437789	0.5692099788303081	0	-0.5692099788303081	-0.8221921916437789	1	0	0	None
PART	npc_mara_Idle	WhistleCord	Part	Cylinder	0	0.7435724578008518	0.045	0.045	0.11372549019607843	0.16470588235294117	0.26666666666666666	0.125	3.55	-0.63	-0.33621471233534655	0.07974522228289006	0.938403093948604	-0.94140119453897	-5.764419798028222e-17	-0.3372888834820984	-0.026897176986827687	-0.9968152785361251	0.0750722475158884	None
PART	npc_mara_Idle	Whistle	Part	Block	0	0.32	0.16	0.22	1	0.803921568627451	0.1568627450980392	0	3.16	-0.72	1	0	0	0	1	0	0	0	1	None
PASS	npc_mara_Idle	25
PART	npc_mara_Point	Root	Part	Block	1	1	0.2	1	1	1	1	0	0	0	1	0	0	0	1	0	0	0	1	None
PART	npc_mara_Point	Torso	Part	Block	0	2	2	1	1	0.37254901960784315	0.49019607843137253	0	3	0	1	0	0	0	1	0	0	0	1	None
PART	npc_mara_Point	Leg	Part	Block	0	0.9	1.65	0.9	0.11372549019607843	0.16470588235294117	0.26666666666666666	-0.52	1.075	0	1	0	0	0	1	0	0	0	1	None
PART	npc_mara_Point	Shoe	Part	Block	0	0.94	0.35	1.15	1	0.9803921568627451	0.9098039215686274	-0.52	0.175	-0.08	1	0	0	0	1	0	0	0	1	None
PART	npc_mara_Point	Sleeve	Part	Block	0	0.85	1.2	0.95	1	0.37254901960784315	0.49019607843137253	-1.5	3.25	0	1	0	0	0	1	0	0	0	1	None
PART	npc_mara_Point	Cuff	Part	Block	0	0.87	0.16	0.97	1	0.9803921568627451	0.9098039215686274	-1.5	2.7	0	1	0	0	0	1	0	0	0	1	None
PART	npc_mara_Point	Hand	Part	Block	0	0.8	0.65	0.9	0.8705882352941177	0.6588235294117647	0.4627450980392157	-1.5	2.3200000000000003	0	1	0	0	0	1	0	0	0	1	None
PART	npc_mara_Point	Leg	Part	Block	0	0.9	1.65	0.9	0.11372549019607843	0.16470588235294117	0.26666666666666666	0.52	1.075	0	1	0	0	0	1	0	0	0	1	None
PART	npc_mara_Point	Shoe	Part	Block	0	0.94	0.35	1.15	1	0.9803921568627451	0.9098039215686274	0.52	0.175	-0.08	1	0	0	0	1	0	0	0	1	None
PART	npc_mara_Point	Sleeve	Part	Block	0	0.85	1.2	0.95	1	0.37254901960784315	0.49019607843137253	2	3.75	0	6.123233995736766e-17	-1	0	1	6.123233995736766e-17	0	0	0	1	None
PART	npc_mara_Point	Cuff	Part	Block	0	0.87	0.16	0.97	1	0.9803921568627451	0.9098039215686274	2.55	3.75	0	6.123233995736766e-17	-1	0	1	6.123233995736766e-17	0	0	0	1	None
PART	npc_mara_Point	Hand	Part	Block	0	0.8	0.65	0.9	0.8705882352941177	0.6588235294117647	0.4627450980392157	2.9299999999999997	3.75	0	6.123233995736766e-17	-1	0	1	6.123233995736766e-17	0	0	0	1	None
PART	npc_mara_Point	Head	Part	Cylinder	0	1.1	1.45	1.45	0.8705882352941177	0.6588235294117647	0.4627450980392157	0	4.55	0	6.123233995736766e-17	-1	0	1	6.123233995736766e-17	0	0	0	1	None
PART	npc_mara_Point	Eye	Part	Ball	0	0.2	0.2	0.2	0.09803921568627451	0.08627450980392157	0.13725490196078433	-0.3	4.68	-0.75	1	0	0	0	1	0	0	0	1	None
PART	npc_mara_Point	EyeShine	Part	Ball	0	0.07600000000000001	0.07600000000000001	0.07600000000000001	0.78	0.78	0.78	-0.256	4.723999999999999	-0.822	1	0	0	0	1	0	0	0	1	None
PART	npc_mara_Point	Eye	Part	Ball	0	0.2	0.2	0.2	0.09803921568627451	0.08627450980392157	0.13725490196078433	0.3	4.68	-0.75	1	0	0	0	1	0	0	0	1	None
PART	npc_mara_Point	EyeShine	Part	Ball	0	0.07600000000000001	0.07600000000000001	0.07600000000000001	0.78	0.78	0.78	0.344	4.723999999999999	-0.822	1	0	0	0	1	0	0	0	1	None
PART	npc_mara_Point	Mouth	Part	Block	0	0.24	0.12	0.08	0.47058823529411764	0.11764705882352941	0.17647058823529413	0	4.46	-0.74	1	0	0	0	1	0	0	0	1	Sphere
PART	npc_mara_Point	HairCap	Part	Block	0	1.5	0.35	1.45	0.3137254901960784	0.18823529411764706	0.13725490196078433	0	5.05	0	1	0	0	0	1	0	0	0	1	None
PART	npc_mara_Point	HairBun	Part	Ball	0	0.72	0.72	0.72	0.3137254901960784	0.18823529411764706	0.13725490196078433	0	5.05	0.75	1	0	0	0	1	0	0	0	1	None
PART	npc_mara_Point	Collar	Part	Block	0	0.18	0.7905694150420947	0.1	1	0.9803921568627451	0.9098039215686274	-0.325	3.675	-0.56	0	0.8221921916437789	-0.5692099788303081	0	-0.5692099788303081	-0.8221921916437789	-1	0	-0	None
PART	npc_mara_Point	WhistleCord	Part	Cylinder	0	0.7435724578008518	0.045	0.045	0.11372549019607843	0.16470588235294117	0.26666666666666666	-0.125	3.55	-0.63	0.33621471233534655	0.07974522228289009	-0.938403093948604	-0.94140119453897	-5.764419798028222e-17	-0.3372888834820984	-0.026897176986827812	0.9968152785361251	0.0750722475158884	None
PART	npc_mara_Point	Collar	Part	Block	0	0.18	0.7905694150420947	0.1	1	0.9803921568627451	0.9098039215686274	0.325	3.675	-0.56	0	-0.8221921916437789	0.5692099788303081	0	-0.5692099788303081	-0.8221921916437789	1	0	0	None
PART	npc_mara_Point	WhistleCord	Part	Cylinder	0	0.7435724578008518	0.045	0.045	0.11372549019607843	0.16470588235294117	0.26666666666666666	0.125	3.55	-0.63	-0.33621471233534655	0.07974522228289006	0.938403093948604	-0.94140119453897	-5.764419798028222e-17	-0.3372888834820984	-0.026897176986827687	-0.9968152785361251	0.0750722475158884	None
PART	npc_mara_Point	Whistle	Part	Block	0	0.32	0.16	0.22	1	0.803921568627451	0.1568627450980392	0	3.16	-0.72	1	0	0	0	1	0	0	0	1	None
PASS	npc_mara_Point	25
PART	npc_mara_Celebrate	Root	Part	Block	1	1	0.2	1	1	1	1	0	0	0	1	0	0	0	1	0	0	0	1	None
PART	npc_mara_Celebrate	Torso	Part	Block	0	2	2	1	1	0.37254901960784315	0.49019607843137253	0	3	0	1	0	0	0	1	0	0	0	1	None
PART	npc_mara_Celebrate	Leg	Part	Block	0	0.9	1.65	0.9	0.11372549019607843	0.16470588235294117	0.26666666666666666	-0.52	1.075	0	1	0	0	0	1	0	0	0	1	None
PART	npc_mara_Celebrate	Shoe	Part	Block	0	0.94	0.35	1.15	1	0.9803921568627451	0.9098039215686274	-0.52	0.175	-0.08	1	0	0	0	1	0	0	0	1	None
PART	npc_mara_Celebrate	Sleeve	Part	Block	0	0.85	1.2	0.95	1	0.37254901960784315	0.49019607843137253	-1.8213938048432694	4.133022221559488	0	-0.7660444431189779	0.6427876096865395	0	-0.6427876096865395	-0.7660444431189779	0	0	0	1	None
PART	npc_mara_Celebrate	Cuff	Part	Block	0	0.87	0.16	0.97	1	0.9803921568627451	0.9098039215686274	-2.174926990170866	4.554346665274926	0	-0.7660444431189779	0.6427876096865395	0	-0.6427876096865395	-0.7660444431189779	0	0	0	1	None
PART	npc_mara_Celebrate	Hand	Part	Block	0	0.8	0.65	0.9	0.8705882352941177	0.6588235294117647	0.4627450980392157	-2.4191862818517507	4.845443553660138	0	-0.7660444431189779	0.6427876096865395	0	-0.6427876096865395	-0.7660444431189779	0	0	0	1	None
PART	npc_mara_Celebrate	Leg	Part	Block	0	0.9	1.65	0.9	0.11372549019607843	0.16470588235294117	0.26666666666666666	0.52	1.075	0	1	0	0	0	1	0	0	0	1	None
PART	npc_mara_Celebrate	Shoe	Part	Block	0	0.94	0.35	1.15	1	0.9803921568627451	0.9098039215686274	0.52	0.175	-0.08	1	0	0	0	1	0	0	0	1	None
PART	npc_mara_Celebrate	Sleeve	Part	Block	0	0.85	1.2	0.95	1	0.37254901960784315	0.49019607843137253	1.8213938048432694	4.133022221559488	0	-0.7660444431189779	-0.6427876096865395	0	0.6427876096865395	-0.7660444431189779	0	0	0	1	None
PART	npc_mara_Celebrate	Cuff	Part	Block	0	0.87	0.16	0.97	1	0.9803921568627451	0.9098039215686274	2.174926990170866	4.554346665274926	0	-0.7660444431189779	-0.6427876096865395	0	0.6427876096865395	-0.7660444431189779	0	0	0	1	None
PART	npc_mara_Celebrate	Hand	Part	Block	0	0.8	0.65	0.9	0.8705882352941177	0.6588235294117647	0.4627450980392157	2.4191862818517507	4.845443553660138	0	-0.7660444431189779	-0.6427876096865395	0	0.6427876096865395	-0.7660444431189779	0	0	0	1	None
PART	npc_mara_Celebrate	Head	Part	Cylinder	0	1.1	1.45	1.45	0.8705882352941177	0.6588235294117647	0.4627450980392157	0	4.55	0	6.123233995736766e-17	-1	0	1	6.123233995736766e-17	0	0	0	1	None
PART	npc_mara_Celebrate	Eye	Part	Ball	0	0.2	0.2	0.2	0.09803921568627451	0.08627450980392157	0.13725490196078433	-0.3	4.68	-0.75	1	0	0	0	1	0	0	0	1	None
PART	npc_mara_Celebrate	EyeShine	Part	Ball	0	0.07600000000000001	0.07600000000000001	0.07600000000000001	0.78	0.78	0.78	-0.256	4.723999999999999	-0.822	1	0	0	0	1	0	0	0	1	None
PART	npc_mara_Celebrate	Eye	Part	Ball	0	0.2	0.2	0.2	0.09803921568627451	0.08627450980392157	0.13725490196078433	0.3	4.68	-0.75	1	0	0	0	1	0	0	0	1	None
PART	npc_mara_Celebrate	EyeShine	Part	Ball	0	0.07600000000000001	0.07600000000000001	0.07600000000000001	0.78	0.78	0.78	0.344	4.723999999999999	-0.822	1	0	0	0	1	0	0	0	1	None
PART	npc_mara_Celebrate	Mouth	Part	Block	0	0.24	0.12	0.08	0.47058823529411764	0.11764705882352941	0.17647058823529413	0	4.46	-0.74	1	0	0	0	1	0	0	0	1	Sphere
PART	npc_mara_Celebrate	HairCap	Part	Block	0	1.5	0.35	1.45	0.3137254901960784	0.18823529411764706	0.13725490196078433	0	5.05	0	1	0	0	0	1	0	0	0	1	None
PART	npc_mara_Celebrate	HairBun	Part	Ball	0	0.72	0.72	0.72	0.3137254901960784	0.18823529411764706	0.13725490196078433	0	5.05	0.75	1	0	0	0	1	0	0	0	1	None
PART	npc_mara_Celebrate	Collar	Part	Block	0	0.18	0.7905694150420947	0.1	1	0.9803921568627451	0.9098039215686274	-0.325	3.675	-0.56	0	0.8221921916437789	-0.5692099788303081	0	-0.5692099788303081	-0.8221921916437789	-1	0	-0	None
PART	npc_mara_Celebrate	WhistleCord	Part	Cylinder	0	0.7435724578008518	0.045	0.045	0.11372549019607843	0.16470588235294117	0.26666666666666666	-0.125	3.55	-0.63	0.33621471233534655	0.07974522228289009	-0.938403093948604	-0.94140119453897	-5.764419798028222e-17	-0.3372888834820984	-0.026897176986827812	0.9968152785361251	0.0750722475158884	None
PART	npc_mara_Celebrate	Collar	Part	Block	0	0.18	0.7905694150420947	0.1	1	0.9803921568627451	0.9098039215686274	0.325	3.675	-0.56	0	-0.8221921916437789	0.5692099788303081	0	-0.5692099788303081	-0.8221921916437789	1	0	0	None
PART	npc_mara_Celebrate	WhistleCord	Part	Cylinder	0	0.7435724578008518	0.045	0.045	0.11372549019607843	0.16470588235294117	0.26666666666666666	0.125	3.55	-0.63	-0.33621471233534655	0.07974522228289006	0.938403093948604	-0.94140119453897	-5.764419798028222e-17	-0.3372888834820984	-0.026897176986827687	-0.9968152785361251	0.0750722475158884	None
PART	npc_mara_Celebrate	Whistle	Part	Block	0	0.32	0.16	0.22	1	0.803921568627451	0.1568627450980392	0	3.16	-0.72	1	0	0	0	1	0	0	0	1	None
PASS	npc_mara_Celebrate	25
PART	npc_pip_Idle	Root	Part	Block	1	1	0.2	1	1	1	1	0	0	0	1	0	0	0	1	0	0	0	1	None
PART	npc_pip_Idle	Torso	Part	Block	0	2	2	1	1	0.9803921568627451	0.9098039215686274	0	3	0	1	0	0	0	1	0	0	0	1	None
PART	npc_pip_Idle	Leg	Part	Block	0	0.9	1.65	0.9	0.11372549019607843	0.16470588235294117	0.26666666666666666	-0.52	1.075	0	1	0	0	0	1	0	0	0	1	None
PART	npc_pip_Idle	Shoe	Part	Block	0	0.94	0.35	1.15	1	0.9803921568627451	0.9098039215686274	-0.52	0.175	-0.08	1	0	0	0	1	0	0	0	1	None
PART	npc_pip_Idle	Sleeve	Part	Block	0	0.85	1.2	0.95	1	0.9803921568627451	0.9098039215686274	-1.5	3.25	0	1	0	0	0	1	0	0	0	1	None
PART	npc_pip_Idle	Cuff	Part	Block	0	0.87	0.16	0.97	1	0.9803921568627451	0.9098039215686274	-1.5	2.7	0	1	0	0	0	1	0	0	0	1	None
PART	npc_pip_Idle	Hand	Part	Block	0	0.8	0.65	0.9	0.8705882352941177	0.6588235294117647	0.4627450980392157	-1.5	2.3200000000000003	0	1	0	0	0	1	0	0	0	1	None
PART	npc_pip_Idle	Leg	Part	Block	0	0.9	1.65	0.9	0.11372549019607843	0.16470588235294117	0.26666666666666666	0.52	1.075	0	1	0	0	0	1	0	0	0	1	None
PART	npc_pip_Idle	Shoe	Part	Block	0	0.94	0.35	1.15	1	0.9803921568627451	0.9098039215686274	0.52	0.175	-0.08	1	0	0	0	1	0	0	0	1	None
PART	npc_pip_Idle	Sleeve	Part	Block	0	0.85	1.2	0.95	1	0.9803921568627451	0.9098039215686274	1.5	3.25	0	1	0	0	0	1	0	0	0	1	None
PART	npc_pip_Idle	Cuff	Part	Block	0	0.87	0.16	0.97	1	0.9803921568627451	0.9098039215686274	1.5	2.7	0	1	0	0	0	1	0	0	0	1	None
PART	npc_pip_Idle	Hand	Part	Block	0	0.8	0.65	0.9	0.8705882352941177	0.6588235294117647	0.4627450980392157	1.5	2.3200000000000003	0	1	0	0	0	1	0	0	0	1	None
PART	npc_pip_Idle	Head	Part	Cylinder	0	1.1	1.45	1.45	0.8705882352941177	0.6588235294117647	0.4627450980392157	0	4.55	0	6.123233995736766e-17	-1	0	1	6.123233995736766e-17	0	0	0	1	None
PART	npc_pip_Idle	Eye	Part	Ball	0	0.2	0.2	0.2	0.09803921568627451	0.08627450980392157	0.13725490196078433	-0.3	4.68	-0.75	1	0	0	0	1	0	0	0	1	None
PART	npc_pip_Idle	EyeShine	Part	Ball	0	0.07600000000000001	0.07600000000000001	0.07600000000000001	0.78	0.78	0.78	-0.256	4.723999999999999	-0.822	1	0	0	0	1	0	0	0	1	None
PART	npc_pip_Idle	Eye	Part	Ball	0	0.2	0.2	0.2	0.09803921568627451	0.08627450980392157	0.13725490196078433	0.3	4.68	-0.75	1	0	0	0	1	0	0	0	1	None
PART	npc_pip_Idle	EyeShine	Part	Ball	0	0.07600000000000001	0.07600000000000001	0.07600000000000001	0.78	0.78	0.78	0.344	4.723999999999999	-0.822	1	0	0	0	1	0	0	0	1	None
PART	npc_pip_Idle	Mouth	Part	Block	0	0.24	0.12	0.08	0.47058823529411764	0.11764705882352941	0.17647058823529413	0	4.46	-0.74	1	0	0	0	1	0	0	0	1	Sphere
PART	npc_pip_Idle	HairCap	Part	Block	0	1.5	0.35	1.45	0.3137254901960784	0.18823529411764706	0.13725490196078433	0	5.05	0	1	0	0	0	1	0	0	0	1	None
PART	npc_pip_Idle	Apron	Part	Block	0	1.6	2	0.08	0.1568627450980392	0.7450980392156863	0.9607843137254902	0	2.85	-0.56	1	0	0	0	1	0	0	0	1	None
PART	npc_pip_Idle	ApronPocket	Part	Block	0	1.1	0.55	0.1	0.11372549019607843	0.16470588235294117	0.26666666666666666	0	2.55	-0.64	1	0	0	0	1	0	0	0	1	None
PART	npc_pip_Idle	ApronStrap	Part	Block	0	0.22	0.45	0.09	1	0.9803921568627451	0.9098039215686274	0	3.95	-0.59	1	0	0	0	1	0	0	0	1	None
PART	npc_pip_Idle	HugePencil	Part	Cylinder	0	1.6	0.22	0.22	1	0.803921568627451	0.1568627450980392	0.47	3.18	-0.74	6.123233995736766e-17	-1	0	1	6.123233995736766e-17	0	0	0	1	None
PART	npc_pip_Idle	PencilEraser	Part	Block	0	0.24	0.23	0.24	1	0.37254901960784315	0.49019607843137253	0.47	4.08	-0.74	1	0	0	0	1	0	0	0	1	None
PART	npc_pip_Idle	PencilTip	WedgePart	Block	0	0.06160000000000001	0.2999999999999998	0.11	0.10588235294117647	0.10588235294117647	0.1411764705882353	0.525	2.23	-0.74	0	0	-1	0	-1	0	-1	0	0	None
PART	npc_pip_Idle	PencilTip	WedgePart	Block	0	0.06160000000000001	0.2999999999999998	0.11	0.10588235294117647	0.10588235294117647	0.1411764705882353	0.415	2.23	-0.74	-0	0	1	0	-1	0	1	0	0	None
PART	npc_pip_Idle	PencilTip	WedgePart	Block	0	0.06160000000000001	0.2999999999999998	0.11	0.10588235294117647	0.10588235294117647	0.1411764705882353	0.47	2.23	-0.6849999999999999	1	0	-6.123233995736766e-17	0	-1	0	-6.123233995736766e-17	0	-1	None
PART	npc_pip_Idle	PencilTip	WedgePart	Block	0	0.06160000000000001	0.2999999999999998	0.11	0.10588235294117647	0.10588235294117647	0.1411764705882353	0.47	2.23	-0.795	-1	0	6.123233995736766e-17	0	-1	0	6.123233995736766e-17	0	1	None
PART	npc_pip_Idle	HairSweep	Part	Block	0	0.95	0.3	0.65	0.3137254901960784	0.18823529411764706	0.13725490196078433	-0.3	4.88	-0.52	1	0	0	0	1	0	0	0	1	None
PASS	npc_pip_Idle	29
PART	npc_pip_Point	Root	Part	Block	1	1	0.2	1	1	1	1	0	0	0	1	0	0	0	1	0	0	0	1	None
PART	npc_pip_Point	Torso	Part	Block	0	2	2	1	1	0.9803921568627451	0.9098039215686274	0	3	0	1	0	0	0	1	0	0	0	1	None
PART	npc_pip_Point	Leg	Part	Block	0	0.9	1.65	0.9	0.11372549019607843	0.16470588235294117	0.26666666666666666	-0.52	1.075	0	1	0	0	0	1	0	0	0	1	None
PART	npc_pip_Point	Shoe	Part	Block	0	0.94	0.35	1.15	1	0.9803921568627451	0.9098039215686274	-0.52	0.175	-0.08	1	0	0	0	1	0	0	0	1	None
PART	npc_pip_Point	Sleeve	Part	Block	0	0.85	1.2	0.95	1	0.9803921568627451	0.9098039215686274	-1.5	3.25	0	1	0	0	0	1	0	0	0	1	None
PART	npc_pip_Point	Cuff	Part	Block	0	0.87	0.16	0.97	1	0.9803921568627451	0.9098039215686274	-1.5	2.7	0	1	0	0	0	1	0	0	0	1	None
PART	npc_pip_Point	Hand	Part	Block	0	0.8	0.65	0.9	0.8705882352941177	0.6588235294117647	0.4627450980392157	-1.5	2.3200000000000003	0	1	0	0	0	1	0	0	0	1	None
PART	npc_pip_Point	Leg	Part	Block	0	0.9	1.65	0.9	0.11372549019607843	0.16470588235294117	0.26666666666666666	0.52	1.075	0	1	0	0	0	1	0	0	0	1	None
PART	npc_pip_Point	Shoe	Part	Block	0	0.94	0.35	1.15	1	0.9803921568627451	0.9098039215686274	0.52	0.175	-0.08	1	0	0	0	1	0	0	0	1	None
PART	npc_pip_Point	Sleeve	Part	Block	0	0.85	1.2	0.95	1	0.9803921568627451	0.9098039215686274	2	3.75	0	6.123233995736766e-17	-1	0	1	6.123233995736766e-17	0	0	0	1	None
PART	npc_pip_Point	Cuff	Part	Block	0	0.87	0.16	0.97	1	0.9803921568627451	0.9098039215686274	2.55	3.75	0	6.123233995736766e-17	-1	0	1	6.123233995736766e-17	0	0	0	1	None
PART	npc_pip_Point	Hand	Part	Block	0	0.8	0.65	0.9	0.8705882352941177	0.6588235294117647	0.4627450980392157	2.9299999999999997	3.75	0	6.123233995736766e-17	-1	0	1	6.123233995736766e-17	0	0	0	1	None
PART	npc_pip_Point	Head	Part	Cylinder	0	1.1	1.45	1.45	0.8705882352941177	0.6588235294117647	0.4627450980392157	0	4.55	0	6.123233995736766e-17	-1	0	1	6.123233995736766e-17	0	0	0	1	None
PART	npc_pip_Point	Eye	Part	Ball	0	0.2	0.2	0.2	0.09803921568627451	0.08627450980392157	0.13725490196078433	-0.3	4.68	-0.75	1	0	0	0	1	0	0	0	1	None
PART	npc_pip_Point	EyeShine	Part	Ball	0	0.07600000000000001	0.07600000000000001	0.07600000000000001	0.78	0.78	0.78	-0.256	4.723999999999999	-0.822	1	0	0	0	1	0	0	0	1	None
PART	npc_pip_Point	Eye	Part	Ball	0	0.2	0.2	0.2	0.09803921568627451	0.08627450980392157	0.13725490196078433	0.3	4.68	-0.75	1	0	0	0	1	0	0	0	1	None
PART	npc_pip_Point	EyeShine	Part	Ball	0	0.07600000000000001	0.07600000000000001	0.07600000000000001	0.78	0.78	0.78	0.344	4.723999999999999	-0.822	1	0	0	0	1	0	0	0	1	None
PART	npc_pip_Point	Mouth	Part	Block	0	0.24	0.12	0.08	0.47058823529411764	0.11764705882352941	0.17647058823529413	0	4.46	-0.74	1	0	0	0	1	0	0	0	1	Sphere
PART	npc_pip_Point	HairCap	Part	Block	0	1.5	0.35	1.45	0.3137254901960784	0.18823529411764706	0.13725490196078433	0	5.05	0	1	0	0	0	1	0	0	0	1	None
PART	npc_pip_Point	Apron	Part	Block	0	1.6	2	0.08	0.1568627450980392	0.7450980392156863	0.9607843137254902	0	2.85	-0.56	1	0	0	0	1	0	0	0	1	None
PART	npc_pip_Point	ApronPocket	Part	Block	0	1.1	0.55	0.1	0.11372549019607843	0.16470588235294117	0.26666666666666666	0	2.55	-0.64	1	0	0	0	1	0	0	0	1	None
PART	npc_pip_Point	ApronStrap	Part	Block	0	0.22	0.45	0.09	1	0.9803921568627451	0.9098039215686274	0	3.95	-0.59	1	0	0	0	1	0	0	0	1	None
PART	npc_pip_Point	HugePencil	Part	Cylinder	0	1.6	0.22	0.22	1	0.803921568627451	0.1568627450980392	0.47	3.18	-0.74	6.123233995736766e-17	-1	0	1	6.123233995736766e-17	0	0	0	1	None
PART	npc_pip_Point	PencilEraser	Part	Block	0	0.24	0.23	0.24	1	0.37254901960784315	0.49019607843137253	0.47	4.08	-0.74	1	0	0	0	1	0	0	0	1	None
PART	npc_pip_Point	PencilTip	WedgePart	Block	0	0.06160000000000001	0.2999999999999998	0.11	0.10588235294117647	0.10588235294117647	0.1411764705882353	0.525	2.23	-0.74	0	0	-1	0	-1	0	-1	0	0	None
PART	npc_pip_Point	PencilTip	WedgePart	Block	0	0.06160000000000001	0.2999999999999998	0.11	0.10588235294117647	0.10588235294117647	0.1411764705882353	0.415	2.23	-0.74	-0	0	1	0	-1	0	1	0	0	None
PART	npc_pip_Point	PencilTip	WedgePart	Block	0	0.06160000000000001	0.2999999999999998	0.11	0.10588235294117647	0.10588235294117647	0.1411764705882353	0.47	2.23	-0.6849999999999999	1	0	-6.123233995736766e-17	0	-1	0	-6.123233995736766e-17	0	-1	None
PART	npc_pip_Point	PencilTip	WedgePart	Block	0	0.06160000000000001	0.2999999999999998	0.11	0.10588235294117647	0.10588235294117647	0.1411764705882353	0.47	2.23	-0.795	-1	0	6.123233995736766e-17	0	-1	0	6.123233995736766e-17	0	1	None
PART	npc_pip_Point	HairSweep	Part	Block	0	0.95	0.3	0.65	0.3137254901960784	0.18823529411764706	0.13725490196078433	-0.3	4.88	-0.52	1	0	0	0	1	0	0	0	1	None
PASS	npc_pip_Point	29
PART	npc_pip_Celebrate	Root	Part	Block	1	1	0.2	1	1	1	1	0	0	0	1	0	0	0	1	0	0	0	1	None
PART	npc_pip_Celebrate	Torso	Part	Block	0	2	2	1	1	0.9803921568627451	0.9098039215686274	0	3	0	1	0	0	0	1	0	0	0	1	None
PART	npc_pip_Celebrate	Leg	Part	Block	0	0.9	1.65	0.9	0.11372549019607843	0.16470588235294117	0.26666666666666666	-0.52	1.075	0	1	0	0	0	1	0	0	0	1	None
PART	npc_pip_Celebrate	Shoe	Part	Block	0	0.94	0.35	1.15	1	0.9803921568627451	0.9098039215686274	-0.52	0.175	-0.08	1	0	0	0	1	0	0	0	1	None
PART	npc_pip_Celebrate	Sleeve	Part	Block	0	0.85	1.2	0.95	1	0.9803921568627451	0.9098039215686274	-1.8213938048432694	4.133022221559488	0	-0.7660444431189779	0.6427876096865395	0	-0.6427876096865395	-0.7660444431189779	0	0	0	1	None
PART	npc_pip_Celebrate	Cuff	Part	Block	0	0.87	0.16	0.97	1	0.9803921568627451	0.9098039215686274	-2.174926990170866	4.554346665274926	0	-0.7660444431189779	0.6427876096865395	0	-0.6427876096865395	-0.7660444431189779	0	0	0	1	None
PART	npc_pip_Celebrate	Hand	Part	Block	0	0.8	0.65	0.9	0.8705882352941177	0.6588235294117647	0.4627450980392157	-2.4191862818517507	4.845443553660138	0	-0.7660444431189779	0.6427876096865395	0	-0.6427876096865395	-0.7660444431189779	0	0	0	1	None
PART	npc_pip_Celebrate	Leg	Part	Block	0	0.9	1.65	0.9	0.11372549019607843	0.16470588235294117	0.26666666666666666	0.52	1.075	0	1	0	0	0	1	0	0	0	1	None
PART	npc_pip_Celebrate	Shoe	Part	Block	0	0.94	0.35	1.15	1	0.9803921568627451	0.9098039215686274	0.52	0.175	-0.08	1	0	0	0	1	0	0	0	1	None
PART	npc_pip_Celebrate	Sleeve	Part	Block	0	0.85	1.2	0.95	1	0.9803921568627451	0.9098039215686274	1.8213938048432694	4.133022221559488	0	-0.7660444431189779	-0.6427876096865395	0	0.6427876096865395	-0.7660444431189779	0	0	0	1	None
PART	npc_pip_Celebrate	Cuff	Part	Block	0	0.87	0.16	0.97	1	0.9803921568627451	0.9098039215686274	2.174926990170866	4.554346665274926	0	-0.7660444431189779	-0.6427876096865395	0	0.6427876096865395	-0.7660444431189779	0	0	0	1	None
PART	npc_pip_Celebrate	Hand	Part	Block	0	0.8	0.65	0.9	0.8705882352941177	0.6588235294117647	0.4627450980392157	2.4191862818517507	4.845443553660138	0	-0.7660444431189779	-0.6427876096865395	0	0.6427876096865395	-0.7660444431189779	0	0	0	1	None
PART	npc_pip_Celebrate	Head	Part	Cylinder	0	1.1	1.45	1.45	0.8705882352941177	0.6588235294117647	0.4627450980392157	0	4.55	0	6.123233995736766e-17	-1	0	1	6.123233995736766e-17	0	0	0	1	None
PART	npc_pip_Celebrate	Eye	Part	Ball	0	0.2	0.2	0.2	0.09803921568627451	0.08627450980392157	0.13725490196078433	-0.3	4.68	-0.75	1	0	0	0	1	0	0	0	1	None
PART	npc_pip_Celebrate	EyeShine	Part	Ball	0	0.07600000000000001	0.07600000000000001	0.07600000000000001	0.78	0.78	0.78	-0.256	4.723999999999999	-0.822	1	0	0	0	1	0	0	0	1	None
PART	npc_pip_Celebrate	Eye	Part	Ball	0	0.2	0.2	0.2	0.09803921568627451	0.08627450980392157	0.13725490196078433	0.3	4.68	-0.75	1	0	0	0	1	0	0	0	1	None
PART	npc_pip_Celebrate	EyeShine	Part	Ball	0	0.07600000000000001	0.07600000000000001	0.07600000000000001	0.78	0.78	0.78	0.344	4.723999999999999	-0.822	1	0	0	0	1	0	0	0	1	None
PART	npc_pip_Celebrate	Mouth	Part	Block	0	0.24	0.12	0.08	0.47058823529411764	0.11764705882352941	0.17647058823529413	0	4.46	-0.74	1	0	0	0	1	0	0	0	1	Sphere
PART	npc_pip_Celebrate	HairCap	Part	Block	0	1.5	0.35	1.45	0.3137254901960784	0.18823529411764706	0.13725490196078433	0	5.05	0	1	0	0	0	1	0	0	0	1	None
PART	npc_pip_Celebrate	Apron	Part	Block	0	1.6	2	0.08	0.1568627450980392	0.7450980392156863	0.9607843137254902	0	2.85	-0.56	1	0	0	0	1	0	0	0	1	None
PART	npc_pip_Celebrate	ApronPocket	Part	Block	0	1.1	0.55	0.1	0.11372549019607843	0.16470588235294117	0.26666666666666666	0	2.55	-0.64	1	0	0	0	1	0	0	0	1	None
PART	npc_pip_Celebrate	ApronStrap	Part	Block	0	0.22	0.45	0.09	1	0.9803921568627451	0.9098039215686274	0	3.95	-0.59	1	0	0	0	1	0	0	0	1	None
PART	npc_pip_Celebrate	HugePencil	Part	Cylinder	0	1.6	0.22	0.22	1	0.803921568627451	0.1568627450980392	0.47	3.18	-0.74	6.123233995736766e-17	-1	0	1	6.123233995736766e-17	0	0	0	1	None
PART	npc_pip_Celebrate	PencilEraser	Part	Block	0	0.24	0.23	0.24	1	0.37254901960784315	0.49019607843137253	0.47	4.08	-0.74	1	0	0	0	1	0	0	0	1	None
PART	npc_pip_Celebrate	PencilTip	WedgePart	Block	0	0.06160000000000001	0.2999999999999998	0.11	0.10588235294117647	0.10588235294117647	0.1411764705882353	0.525	2.23	-0.74	0	0	-1	0	-1	0	-1	0	0	None
PART	npc_pip_Celebrate	PencilTip	WedgePart	Block	0	0.06160000000000001	0.2999999999999998	0.11	0.10588235294117647	0.10588235294117647	0.1411764705882353	0.415	2.23	-0.74	-0	0	1	0	-1	0	1	0	0	None
PART	npc_pip_Celebrate	PencilTip	WedgePart	Block	0	0.06160000000000001	0.2999999999999998	0.11	0.10588235294117647	0.10588235294117647	0.1411764705882353	0.47	2.23	-0.6849999999999999	1	0	-6.123233995736766e-17	0	-1	0	-6.123233995736766e-17	0	-1	None
PART	npc_pip_Celebrate	PencilTip	WedgePart	Block	0	0.06160000000000001	0.2999999999999998	0.11	0.10588235294117647	0.10588235294117647	0.1411764705882353	0.47	2.23	-0.795	-1	0	6.123233995736766e-17	0	-1	0	6.123233995736766e-17	0	1	None
PART	npc_pip_Celebrate	HairSweep	Part	Block	0	0.95	0.3	0.65	0.3137254901960784	0.18823529411764706	0.13725490196078433	-0.3	4.88	-0.52	1	0	0	0	1	0	0	0	1	None
PASS	npc_pip_Celebrate	29
PART	tool_broadwave	Handle	Part	Cylinder	0	1	0.3	0.3	0.11372549019607843	0.16470588235294117	0.26666666666666666	0	0.5	0	6.123233995736766e-17	-1	0	1	6.123233995736766e-17	0	0	0	1	None
PART	tool_broadwave	Shaft	Part	Cylinder	0	1.15	0.27	0.27	1	0.9803921568627451	0.9098039215686274	0	1.575	0	6.123233995736766e-17	-1	0	1	6.123233995736766e-17	0	0	0	1	None
PART	tool_broadwave	LeftGrip	Part	Cylinder	0	0.55	0.36	0.36	0.1568627450980392	0.7450980392156863	0.9607843137254902	0	0.75	0	6.123233995736766e-17	-1	0	1	6.123233995736766e-17	0	0	0	1	None
PART	tool_broadwave	GripCheek	Part	Block	0	0.14	0.5730619512757761	0.16	0.11372549019607843	0.16470588235294117	0.26666666666666666	-0.22	-0.16999999999999998	0	0	0.4886033689318432	-0.8725060159497201	0	0.8725060159497201	0.4886033689318432	1	0	0	None
PART	tool_broadwave	GripCheek	Part	Block	0	0.14	0.5730619512757761	0.16	0.11372549019607843	0.16470588235294117	0.26666666666666666	0.22	-0.16999999999999998	0	0	-0.4886033689318432	-0.8725060159497201	0	0.8725060159497201	-0.4886033689318432	1	0	0	None
PART	tool_broadwave	GripBar	Part	Cylinder	0	0.9	0.22	0.22	0.11372549019607843	0.16470588235294117	0.26666666666666666	0	-0.42	0	1	6.123233995736766e-17	0	0	0	-1	-6.123233995736766e-17	1	0	None
PART	tool_broadwave	Collar	Part	Cylinder	0	0.3	0.42	0.42	1	0.803921568627451	0.1568627450980392	0	2.27	0	6.123233995736766e-17	-1	0	1	6.123233995736766e-17	0	0	0	1	None
PART	tool_broadwave	Blade	Part	Block	0	2.25	1.1	0.16	0.1568627450980392	0.7450980392156863	0.9607843137254902	0	2.95	0	1	0	0	0	1	0	0	0	1	None
PART	tool_broadwave	BladeTip	Part	Block	0	2.25	0.75	0.16	0.1568627450980392	0.7450980392156863	0.9607843137254902	0	3.46	0	1	0	0	0	1	0	0	0	1	Sphere
PART	tool_broadwave	CupRim	Part	Block	0	0.14	1.2	0.3	0.11372549019607843	0.16470588235294117	0.26666666666666666	-1.055	2.99	0.12	1	0	0	0	1	0	0	0	1	None
PART	tool_broadwave	CupRim	Part	Block	0	0.14	1.2	0.3	0.11372549019607843	0.16470588235294117	0.26666666666666666	1.055	2.99	0.12	1	0	0	0	1	0	0	0	1	None
PART	tool_broadwave	FoamEmblem	Part	Ball	0	0.21	0.21	0.21	1	0.9803921568627451	0.9098039215686274	-0.34	3.06	0.14	1	0	0	0	1	0	0	0	1	None
PART	tool_broadwave	FoamEmblem	Part	Ball	0	0.21	0.21	0.21	1	0.9803921568627451	0.9098039215686274	0	3.12	0.14	1	0	0	0	1	0	0	0	1	None
PART	tool_broadwave	FoamEmblem	Part	Ball	0	0.21	0.21	0.21	1	0.9803921568627451	0.9098039215686274	0.34	3.18	0.14	1	0	0	0	1	0	0	0	1	None
PASS	tool_broadwave	14
PART	tool_broadwave_charge	Root	Part	Block	1	1	0.2	1	1	1	1	0	0	0	1	0	0	0	1	0	0	0	1	None
PART	tool_broadwave_charge	ChargeDot	Part	Ball	0	0.2	0.2	0.2	1	0.9803921568627451	0.9098039215686274	-0.34	3.12	0.3	1	0	0	0	1	0	0	0	1	None
PART	tool_broadwave_charge	ChargeDot	Part	Ball	0	0.2	0.2	0.2	1	0.9803921568627451	0.9098039215686274	0	3.12	0.3	1	0	0	0	1	0	0	0	1	None
PART	tool_broadwave_charge	ChargeDot	Part	Ball	0	0.2	0.2	0.2	1	0.9803921568627451	0.9098039215686274	0.34	3.12	0.3	1	0	0	0	1	0	0	0	1	None
PASS	tool_broadwave_charge	4
PART	landmark_spring_vault_Covered	Root	Part	Block	1	1	0.2	1	1	1	1	0	0	0	1	0	0	0	1	0	0	0	1	None
PART	landmark_spring_vault_Covered	Floor	Part	Block	0	12	0.5	8	0.11372549019607843	0.16470588235294117	0.26666666666666666	0	0.25	0	1	0	0	0	1	0	0	0	1	None
PART	landmark_spring_vault_Covered	SideWall	Part	Block	0	0.4	4.5	8	0.1568627450980392	0.7450980392156863	0.9607843137254902	-5.8	2.75	0	1	0	0	0	1	0	0	0	1	None
PART	landmark_spring_vault_Covered	SideWall	Part	Block	0	0.4	4.5	8	0.1568627450980392	0.7450980392156863	0.9607843137254902	5.8	2.75	0	1	0	0	0	1	0	0	0	1	None
PART	landmark_spring_vault_Covered	BackWall	Part	Block	0	12	4.5	0.4	0.1568627450980392	0.7450980392156863	0.9607843137254902	0	2.75	3.8	1	0	0	0	1	0	0	0	1	None
PART	landmark_spring_vault_Covered	FrontWall	Part	Block	0	12	4.5	0.4	0.1568627450980392	0.7450980392156863	0.9607843137254902	0	2.75	-3.8	1	0	0	0	1	0	0	0	1	None
PART	landmark_spring_vault_Covered	AnchorRail	Part	Block	0	11.6	0.3	1.5	0.11372549019607843	0.16470588235294117	0.26666666666666666	0	5.25	-2.55	1	0	0	0	1	0	0	0	1	None
PART	landmark_spring_vault_Covered	LidPlate	Part	Block	0	11.6	0.45	7.6	1	0.37254901960784315	0.49019607843137253	0	5.15	0	1	0	0	0	1	0	0	0	1	None
PART	landmark_spring_vault_Covered	StripedHandle	Part	Block	0	1.9	0.4	0.5	0.11372549019607843	0.16470588235294117	0.26666666666666666	-3.8	5.57	-0.6	1	0	0	0	1	0	0	0	1	None
PART	landmark_spring_vault_Covered	HandleStripe	Part	Block	0	0.3	0.42	0.52	1	0.9803921568627451	0.9098039215686274	-4.279999999999999	5.57	-0.6	1	0	0	0	1	0	0	0	1	None
PART	landmark_spring_vault_Covered	HandleStripe	Part	Block	0	0.3	0.42	0.52	1	0.9803921568627451	0.9098039215686274	-3.8	5.57	-0.6	1	0	0	0	1	0	0	0	1	None
PART	landmark_spring_vault_Covered	HandleStripe	Part	Block	0	0.3	0.42	0.52	1	0.9803921568627451	0.9098039215686274	-3.32	5.57	-0.6	1	0	0	0	1	0	0	0	1	None
PART	landmark_spring_vault_Covered	StripedHandle	Part	Block	0	1.9	0.4	0.5	0.11372549019607843	0.16470588235294117	0.26666666666666666	3.8	5.57	-0.6	1	0	0	0	1	0	0	0	1	None
PART	landmark_spring_vault_Covered	HandleStripe	Part	Block	0	0.3	0.42	0.52	1	0.9803921568627451	0.9098039215686274	3.32	5.57	-0.6	1	0	0	0	1	0	0	0	1	None
PART	landmark_spring_vault_Covered	HandleStripe	Part	Block	0	0.3	0.42	0.52	1	0.9803921568627451	0.9098039215686274	3.8	5.57	-0.6	1	0	0	0	1	0	0	0	1	None
PART	landmark_spring_vault_Covered	HandleStripe	Part	Block	0	0.3	0.42	0.52	1	0.9803921568627451	0.9098039215686274	4.279999999999999	5.57	-0.6	1	0	0	0	1	0	0	0	1	None
PART	landmark_spring_vault_Covered	Latch	Part	Block	0	1.3	1.2	0.35	1	0.803921568627451	0.1568627450980392	0	4.1	-3.8	1	0	0	0	1	0	0	0	1	None
PART	landmark_spring_vault_Covered	Root	Part	Block	1	1	0.2	1	1	1	1	0	0	0	1	0	0	0	1	0	0	0	1	None
PART	landmark_spring_vault_Covered	AnchorBase	Part	Block	0	2.5	0.2	1.5	0.11372549019607843	0.16470588235294117	0.26666666666666666	-3.7	5.45	-2.55	1	0	0	0	1	0	0	0	1	None
PART	landmark_spring_vault_Covered	TriangleMarker	WedgePart	Block	0	0.1	0.75	0.4	1	0.9803921568627451	0.9098039215686274	-3.5	5.57	-2.55	0	0	-1	1	6.123233995736766e-17	-0	6.123233995736766e-17	-1	0	None
PART	landmark_spring_vault_Covered	TriangleMarker	WedgePart	Block	0	0.1	0.75	0.4	1	0.9803921568627451	0.9098039215686274	-3.9000000000000004	5.57	-2.55	-0	0	1	-1	6.123233995736766e-17	0	-6.123233995736766e-17	-1	0	None
PART	landmark_spring_vault_Covered	SandCover	Part	Block	0	2.3	1.8	1.4	1	0.8705882352941177	0.5490196078431373	-3.7	6.45	-2.55	1	0	0	0	1	0	0	0	1	None
PART	landmark_spring_vault_Covered	CoveredTriangleMarker	WedgePart	Block	0	0.1	0.75	0.4	1	0.9803921568627451	0.9098039215686274	-3.5	7.470000000000001	-2.55	0	0	-1	1	6.123233995736766e-17	-0	6.123233995736766e-17	-1	0	None
PART	landmark_spring_vault_Covered	CoveredTriangleMarker	WedgePart	Block	0	0.1	0.75	0.4	1	0.9803921568627451	0.9098039215686274	-3.9000000000000004	7.470000000000001	-2.55	-0	0	1	-1	6.123233995736766e-17	0	-6.123233995736766e-17	-1	0	None
PART	landmark_spring_vault_Covered	Root	Part	Block	1	1	0.2	1	1	1	1	0	0	0	1	0	0	0	1	0	0	0	1	None
PART	landmark_spring_vault_Covered	AnchorBase	Part	Block	0	2.5	0.2	1.5	0.11372549019607843	0.16470588235294117	0.26666666666666666	0	5.45	-2.55	1	0	0	0	1	0	0	0	1	None
PART	landmark_spring_vault_Covered	SquareMarker	Part	Block	0	0.65	0.12	0.65	1	0.9803921568627451	0.9098039215686274	0	5.57	-2.55	1	0	0	0	1	0	0	0	1	None
PART	landmark_spring_vault_Covered	SandCover	Part	Block	0	2.3	1.8	1.4	1	0.8705882352941177	0.5490196078431373	0	6.45	-2.55	1	0	0	0	1	0	0	0	1	None
PART	landmark_spring_vault_Covered	CoveredSquareMarker	Part	Block	0	0.65	0.12	0.65	1	0.9803921568627451	0.9098039215686274	0	7.470000000000001	-2.55	1	0	0	0	1	0	0	0	1	None
PART	landmark_spring_vault_Covered	Root	Part	Block	1	1	0.2	1	1	1	1	0	0	0	1	0	0	0	1	0	0	0	1	None
PART	landmark_spring_vault_Covered	AnchorBase	Part	Block	0	2.5	0.2	1.5	0.11372549019607843	0.16470588235294117	0.26666666666666666	3.7	5.45	-2.55	1	0	0	0	1	0	0	0	1	None
PART	landmark_spring_vault_Covered	CircleMarker	Part	Cylinder	0	0.12	0.7	0.7	1	0.9803921568627451	0.9098039215686274	3.7	5.57	-2.55	6.123233995736766e-17	-1	0	1	6.123233995736766e-17	0	0	0	1	None
PART	landmark_spring_vault_Covered	SandCover	Part	Block	0	2.3	1.8	1.4	1	0.8705882352941177	0.5490196078431373	3.7	6.45	-2.55	1	0	0	0	1	0	0	0	1	None
PART	landmark_spring_vault_Covered	CoveredCircleMarker	Part	Cylinder	0	0.12	0.7	0.7	1	0.9803921568627451	0.9098039215686274	3.7	7.470000000000001	-2.55	6.123233995736766e-17	-1	0	1	6.123233995736766e-17	0	0	0	1	None
PART	landmark_spring_vault_Covered	BurialSkirt	Part	Block	0	11.4	3.4	7.4	1	0.8705882352941177	0.5490196078431373	0	2.4	0	1	0	0	0	1	0	0	0	1	None
PASS	landmark_spring_vault_Covered	35
PART	landmark_spring_vault_Partial	Root	Part	Block	1	1	0.2	1	1	1	1	0	0	0	1	0	0	0	1	0	0	0	1	None
PART	landmark_spring_vault_Partial	Floor	Part	Block	0	12	0.5	8	0.11372549019607843	0.16470588235294117	0.26666666666666666	0	0.25	0	1	0	0	0	1	0	0	0	1	None
PART	landmark_spring_vault_Partial	SideWall	Part	Block	0	0.4	4.5	8	0.1568627450980392	0.7450980392156863	0.9607843137254902	-5.8	2.75	0	1	0	0	0	1	0	0	0	1	None
PART	landmark_spring_vault_Partial	SideWall	Part	Block	0	0.4	4.5	8	0.1568627450980392	0.7450980392156863	0.9607843137254902	5.8	2.75	0	1	0	0	0	1	0	0	0	1	None
PART	landmark_spring_vault_Partial	BackWall	Part	Block	0	12	4.5	0.4	0.1568627450980392	0.7450980392156863	0.9607843137254902	0	2.75	3.8	1	0	0	0	1	0	0	0	1	None
PART	landmark_spring_vault_Partial	FrontWall	Part	Block	0	12	4.5	0.4	0.1568627450980392	0.7450980392156863	0.9607843137254902	0	2.75	-3.8	1	0	0	0	1	0	0	0	1	None
PART	landmark_spring_vault_Partial	AnchorRail	Part	Block	0	11.6	0.3	1.5	0.11372549019607843	0.16470588235294117	0.26666666666666666	0	5.25	-2.55	1	0	0	0	1	0	0	0	1	None
PART	landmark_spring_vault_Partial	LidPlate	Part	Block	0	11.6	0.45	7.6	1	0.37254901960784315	0.49019607843137253	0	5.15	0	1	0	0	0	1	0	0	0	1	None
PART	landmark_spring_vault_Partial	StripedHandle	Part	Block	0	1.9	0.4	0.5	0.11372549019607843	0.16470588235294117	0.26666666666666666	-3.8	5.57	-0.6	1	0	0	0	1	0	0	0	1	None
PART	landmark_spring_vault_Partial	HandleStripe	Part	Block	0	0.3	0.42	0.52	1	0.9803921568627451	0.9098039215686274	-4.279999999999999	5.57	-0.6	1	0	0	0	1	0	0	0	1	None
PART	landmark_spring_vault_Partial	HandleStripe	Part	Block	0	0.3	0.42	0.52	1	0.9803921568627451	0.9098039215686274	-3.8	5.57	-0.6	1	0	0	0	1	0	0	0	1	None
PART	landmark_spring_vault_Partial	HandleStripe	Part	Block	0	0.3	0.42	0.52	1	0.9803921568627451	0.9098039215686274	-3.32	5.57	-0.6	1	0	0	0	1	0	0	0	1	None
PART	landmark_spring_vault_Partial	StripedHandle	Part	Block	0	1.9	0.4	0.5	0.11372549019607843	0.16470588235294117	0.26666666666666666	3.8	5.57	-0.6	1	0	0	0	1	0	0	0	1	None
PART	landmark_spring_vault_Partial	HandleStripe	Part	Block	0	0.3	0.42	0.52	1	0.9803921568627451	0.9098039215686274	3.32	5.57	-0.6	1	0	0	0	1	0	0	0	1	None
PART	landmark_spring_vault_Partial	HandleStripe	Part	Block	0	0.3	0.42	0.52	1	0.9803921568627451	0.9098039215686274	3.8	5.57	-0.6	1	0	0	0	1	0	0	0	1	None
PART	landmark_spring_vault_Partial	HandleStripe	Part	Block	0	0.3	0.42	0.52	1	0.9803921568627451	0.9098039215686274	4.279999999999999	5.57	-0.6	1	0	0	0	1	0	0	0	1	None
PART	landmark_spring_vault_Partial	Latch	Part	Block	0	1.3	1.2	0.35	1	0.803921568627451	0.1568627450980392	0	4.1	-3.8	1	0	0	0	1	0	0	0	1	None
PART	landmark_spring_vault_Partial	Root	Part	Block	1	1	0.2	1	1	1	1	0	0	0	1	0	0	0	1	0	0	0	1	None
PART	landmark_spring_vault_Partial	AnchorBase	Part	Block	0	2.5	0.2	1.5	0.11372549019607843	0.16470588235294117	0.26666666666666666	-3.7	5.45	-2.55	1	0	0	0	1	0	0	0	1	None
PART	landmark_spring_vault_Partial	TriangleMarker	WedgePart	Block	0	0.1	0.75	0.4	1	0.9803921568627451	0.9098039215686274	-3.5	5.57	-2.55	0	0	-1	1	6.123233995736766e-17	-0	6.123233995736766e-17	-1	0	None
PART	landmark_spring_vault_Partial	TriangleMarker	WedgePart	Block	0	0.1	0.75	0.4	1	0.9803921568627451	0.9098039215686274	-3.9000000000000004	5.57	-2.55	-0	0	1	-1	6.123233995736766e-17	0	-6.123233995736766e-17	-1	0	None
PART	landmark_spring_vault_Partial	Root	Part	Block	1	1	0.2	1	1	1	1	0	0	0	1	0	0	0	1	0	0	0	1	None
PART	landmark_spring_vault_Partial	AnchorBase	Part	Block	0	2.5	0.2	1.5	0.11372549019607843	0.16470588235294117	0.26666666666666666	0	5.45	-2.55	1	0	0	0	1	0	0	0	1	None
PART	landmark_spring_vault_Partial	SquareMarker	Part	Block	0	0.65	0.12	0.65	1	0.9803921568627451	0.9098039215686274	0	5.57	-2.55	1	0	0	0	1	0	0	0	1	None
PART	landmark_spring_vault_Partial	SandCover	Part	Block	0	2.3	0.9	1.4	1	0.8705882352941177	0.5490196078431373	0	6	-2.55	1	0	0	0	1	0	0	0	1	None
PART	landmark_spring_vault_Partial	CoveredSquareMarker	Part	Block	0	0.65	0.12	0.65	1	0.9803921568627451	0.9098039215686274	0	6.57	-2.55	1	0	0	0	1	0	0	0	1	None
PART	landmark_spring_vault_Partial	Root	Part	Block	1	1	0.2	1	1	1	1	0	0	0	1	0	0	0	1	0	0	0	1	None
PART	landmark_spring_vault_Partial	AnchorBase	Part	Block	0	2.5	0.2	1.5	0.11372549019607843	0.16470588235294117	0.26666666666666666	3.7	5.45	-2.55	1	0	0	0	1	0	0	0	1	None
PART	landmark_spring_vault_Partial	CircleMarker	Part	Cylinder	0	0.12	0.7	0.7	1	0.9803921568627451	0.9098039215686274	3.7	5.57	-2.55	6.123233995736766e-17	-1	0	1	6.123233995736766e-17	0	0	0	1	None
PART	landmark_spring_vault_Partial	SandCover	Part	Block	0	2.3	0.9	1.4	1	0.8705882352941177	0.5490196078431373	3.7	6	-2.55	1	0	0	0	1	0	0	0	1	None
PART	landmark_spring_vault_Partial	CoveredCircleMarker	Part	Cylinder	0	0.12	0.7	0.7	1	0.9803921568627451	0.9098039215686274	3.7	6.57	-2.55	6.123233995736766e-17	-1	0	1	6.123233995736766e-17	0	0	0	1	None
PASS	landmark_spring_vault_Partial	31
PART	landmark_spring_vault_Opened	Root	Part	Block	1	1	0.2	1	1	1	1	0	0	0	1	0	0	0	1	0	0	0	1	None
PART	landmark_spring_vault_Opened	Floor	Part	Block	0	12	0.5	8	0.11372549019607843	0.16470588235294117	0.26666666666666666	0	0.25	0	1	0	0	0	1	0	0	0	1	None
PART	landmark_spring_vault_Opened	SideWall	Part	Block	0	0.4	4.5	8	0.1568627450980392	0.7450980392156863	0.9607843137254902	-5.8	2.75	0	1	0	0	0	1	0	0	0	1	None
PART	landmark_spring_vault_Opened	SideWall	Part	Block	0	0.4	4.5	8	0.1568627450980392	0.7450980392156863	0.9607843137254902	5.8	2.75	0	1	0	0	0	1	0	0	0	1	None
PART	landmark_spring_vault_Opened	BackWall	Part	Block	0	12	4.5	0.4	0.1568627450980392	0.7450980392156863	0.9607843137254902	0	2.75	3.8	1	0	0	0	1	0	0	0	1	None
PART	landmark_spring_vault_Opened	FrontWall	Part	Block	0	12	0.5	0.4	0.1568627450980392	0.7450980392156863	0.9607843137254902	0	0.25	-3.8	1	0	0	0	1	0	0	0	1	None
PART	landmark_spring_vault_Opened	AnchorRail	Part	Block	0	11.6	0.3	1.5	0.11372549019607843	0.16470588235294117	0.26666666666666666	0	5.25	-2.55	1	0	0	0	1	0	0	0	1	None
PART	landmark_spring_vault_Opened	LidPlate	Part	Block	0	11.6	0.45	7.6	1	0.37254901960784315	0.49019607843137253	0	7.272232814498871	0.6691374361307303	1	0	0	0	0.8191520442889918	-0.573576436351046	0	0.573576436351046	0.8191520442889918	None
PART	landmark_spring_vault_Opened	StripedHandle	Part	Block	0	1.9	0.4	0.5	0.11372549019607843	0.16470588235294117	0.26666666666666666	-3.8	7.960422534910875	0.41854831282477445	1	0	0	0	0.8191520442889918	-0.573576436351046	0	0.573576436351046	0.8191520442889918	None
PART	landmark_spring_vault_Opened	HandleStripe	Part	Block	0	0.3	0.42	0.52	1	0.9803921568627451	0.9098039215686274	-4.279999999999999	7.960422534910875	0.41854831282477445	1	0	0	0	0.8191520442889918	-0.573576436351046	0	0.573576436351046	0.8191520442889918	None
PART	landmark_spring_vault_Opened	HandleStripe	Part	Block	0	0.3	0.42	0.52	1	0.9803921568627451	0.9098039215686274	-3.8	7.960422534910875	0.41854831282477445	1	0	0	0	0.8191520442889918	-0.573576436351046	0	0.573576436351046	0.8191520442889918	None
PART	landmark_spring_vault_Opened	HandleStripe	Part	Block	0	0.3	0.42	0.52	1	0.9803921568627451	0.9098039215686274	-3.32	7.960422534910875	0.41854831282477445	1	0	0	0	0.8191520442889918	-0.573576436351046	0	0.573576436351046	0.8191520442889918	None
PART	landmark_spring_vault_Opened	StripedHandle	Part	Block	0	1.9	0.4	0.5	0.11372549019607843	0.16470588235294117	0.26666666666666666	3.8	7.960422534910875	0.41854831282477445	1	0	0	0	0.8191520442889918	-0.573576436351046	0	0.573576436351046	0.8191520442889918	None
PART	landmark_spring_vault_Opened	HandleStripe	Part	Block	0	0.3	0.42	0.52	1	0.9803921568627451	0.9098039215686274	3.32	7.960422534910875	0.41854831282477445	1	0	0	0	0.8191520442889918	-0.573576436351046	0	0.573576436351046	0.8191520442889918	None
PART	landmark_spring_vault_Opened	HandleStripe	Part	Block	0	0.3	0.42	0.52	1	0.9803921568627451	0.9098039215686274	3.8	7.960422534910875	0.41854831282477445	1	0	0	0	0.8191520442889918	-0.573576436351046	0	0.573576436351046	0.8191520442889918	None
PART	landmark_spring_vault_Opened	HandleStripe	Part	Block	0	0.3	0.42	0.52	1	0.9803921568627451	0.9098039215686274	4.279999999999999	7.960422534910875	0.41854831282477445	1	0	0	0	0.8191520442889918	-0.573576436351046	0	0.573576436351046	0.8191520442889918	None
PART	landmark_spring_vault_Opened	Latch	Part	Block	0	1.3	0.3	0.35	1	0.803921568627451	0.1568627450980392	0	0.65	-3.8	1	0	0	0	1	0	0	0	1	None
PART	landmark_spring_vault_Opened	Root	Part	Block	1	1	0.2	1	1	1	1	0	0	0	1	0	0	0	1	0	0	0	1	None
PART	landmark_spring_vault_Opened	AnchorBase	Part	Block	0	2.5	0.2	1.5	0.11372549019607843	0.16470588235294117	0.26666666666666666	-3.7	5.45	-2.55	1	0	0	0	1	0	0	0	1	None
PART	landmark_spring_vault_Opened	TriangleMarker	WedgePart	Block	0	0.1	0.75	0.4	1	0.9803921568627451	0.9098039215686274	-3.5	5.57	-2.55	0	0	-1	1	6.123233995736766e-17	-0	6.123233995736766e-17	-1	0	None
PART	landmark_spring_vault_Opened	TriangleMarker	WedgePart	Block	0	0.1	0.75	0.4	1	0.9803921568627451	0.9098039215686274	-3.9000000000000004	5.57	-2.55	-0	0	1	-1	6.123233995736766e-17	0	-6.123233995736766e-17	-1	0	None
PART	landmark_spring_vault_Opened	Root	Part	Block	1	1	0.2	1	1	1	1	0	0	0	1	0	0	0	1	0	0	0	1	None
PART	landmark_spring_vault_Opened	AnchorBase	Part	Block	0	2.5	0.2	1.5	0.11372549019607843	0.16470588235294117	0.26666666666666666	0	5.45	-2.55	1	0	0	0	1	0	0	0	1	None
PART	landmark_spring_vault_Opened	SquareMarker	Part	Block	0	0.65	0.12	0.65	1	0.9803921568627451	0.9098039215686274	0	5.57	-2.55	1	0	0	0	1	0	0	0	1	None
PART	landmark_spring_vault_Opened	Root	Part	Block	1	1	0.2	1	1	1	1	0	0	0	1	0	0	0	1	0	0	0	1	None
PART	landmark_spring_vault_Opened	AnchorBase	Part	Block	0	2.5	0.2	1.5	0.11372549019607843	0.16470588235294117	0.26666666666666666	3.7	5.45	-2.55	1	0	0	0	1	0	0	0	1	None
PART	landmark_spring_vault_Opened	CircleMarker	Part	Cylinder	0	0.12	0.7	0.7	1	0.9803921568627451	0.9098039215686274	3.7	5.57	-2.55	6.123233995736766e-17	-1	0	1	6.123233995736766e-17	0	0	0	1	None
PART	landmark_spring_vault_Opened	ToySpring	Part	Cylinder	0	0.8456174966494403	0.16	0.16	1	0.803921568627451	0.1568627450980392	0.9389087296526013	0.6895833333333334	0.3889087296526012	-0.38100268971653245	-0.9238795325112867	-0.03582680331112211	0.09361994871244499	5.732568526351756e-18	-0.995608007803814	0.9198218608142812	-0.3826834323650896	0.08649355445018433	None
PART	landmark_spring_vault_Opened	ToySpring	Part	Cylinder	0	0.8456174966494403	0.16	0.16	1	0.803921568627451	0.1568627450980392	0.38890872965260126	0.76875	0.9389087296526013	-0.9198218608142811	-0.3826834323650898	-0.0864935544501842	0.09361994871244485	5.732568526351747e-18	-0.995608007803814	0.38100268971653256	-0.9238795325112867	0.03582680331112206	None
PART	landmark_spring_vault_Opened	ToySpring	Part	Cylinder	0	0.8456174966494404	0.16	0.16	1	0.803921568627451	0.1568627450980392	-0.38890872965260115	0.8479166666666667	0.9389087296526013	-0.9198218608142811	0.3826834323650896	-0.0864935544501842	0.09361994871244483	5.7325685263517466e-18	-0.995608007803814	-0.3810026897165324	-0.9238795325112868	-0.035826803311122056	None
PART	landmark_spring_vault_Opened	ToySpring	Part	Cylinder	0	0.8456174966494403	0.16	0.16	1	0.803921568627451	0.1568627450980392	-0.9389087296526012	0.9270833333333333	0.38890872965260126	-0.3810026897165327	0.9238795325112867	-0.035826803311122125	0.09361994871244499	5.732568526351756e-18	-0.9956080078038139	-0.9198218608142811	-0.38268343236508995	-0.08649355445018432	None
PART	landmark_spring_vault_Opened	ToySpring	Part	Cylinder	0	0.8456174966494403	0.16	0.16	1	0.803921568627451	0.1568627450980392	-0.9389087296526013	1.00625	-0.3889087296526011	0.38100268971653234	0.9238795325112868	0.035826803311122105	0.09361994871244499	5.732568526351756e-18	-0.995608007803814	-0.9198218608142812	0.38268343236508956	-0.08649355445018433	None
PART	landmark_spring_vault_Opened	ToySpring	Part	Cylinder	0	0.8456174966494403	0.16	0.16	1	0.803921568627451	0.1568627450980392	-0.38890872965260137	1.0854166666666667	-0.9389087296526012	0.9198218608142811	0.38268343236508995	0.0864935544501842	0.09361994871244485	5.732568526351747e-18	-0.995608007803814	-0.3810026897165327	0.9238795325112867	-0.03582680331112208	None
PART	landmark_spring_vault_Opened	ToySpring	Part	Cylinder	0	0.8456174966494412	0.16	0.16	1	0.803921568627451	0.1568627450980392	0.3889087296526013	1.1645833333333333	-0.9389087296526009	0.9198218608142811	-0.38268343236509	0.0864935544501841	0.09361994871244475	5.732568526351742e-18	-0.995608007803814	0.38100268971653284	0.9238795325112866	0.035826803311122056	None
PART	landmark_spring_vault_Opened	ToySpring	Part	Cylinder	0	0.8456174966494394	0.16	0.16	1	0.803921568627451	0.1568627450980392	0.9389087296526015	1.24375	-0.388908729652601	0.38100268971653245	-0.9238795325112868	0.03582680331112209	0.09361994871244494	5.7325685263517535e-18	-0.995608007803814	0.9198218608142812	0.38268343236508967	0.0864935544501843	None
PART	landmark_spring_vault_Opened	ToySpring	Part	Cylinder	0	0.8456174966494403	0.16	0.16	1	0.803921568627451	0.1568627450980392	0.9389087296526013	1.3229166666666665	0.3889087296526009	-0.38100268971653234	-0.9238795325112868	-0.035826803311122056	0.09361994871244485	5.732568526351747e-18	-0.995608007803814	0.9198218608142812	-0.38268343236508956	0.08649355445018421	None
PART	landmark_spring_vault_Opened	ToySpring	Part	Cylinder	0	0.8456174966494403	0.16	0.16	1	0.803921568627451	0.1568627450980392	0.3889087296526014	1.4020833333333331	0.9389087296526011	-0.919821860814281	-0.38268343236509006	-0.08649355445018443	0.09361994871244511	5.7325685263517635e-18	-0.9956080078038139	0.38100268971653284	-0.9238795325112866	0.03582680331112219	None
PART	landmark_spring_vault_Opened	ToySpring	Part	Cylinder	0	0.8456174966494395	0.16	0.16	1	0.803921568627451	0.1568627450980392	-0.38890872965260054	1.48125	0.9389087296526017	-0.9198218608142813	0.382683432365089	-0.0864935544501843	0.09361994871244493	5.732568526351753e-18	-0.995608007803814	-0.3810026897165318	-0.9238795325112871	-0.035826803311122035	None
PART	landmark_spring_vault_Opened	ToySpring	Part	Cylinder	0	0.8456174966494411	0.16	0.16	1	0.803921568627451	0.1568627450980392	-0.9389087296526007	1.5604166666666668	0.38890872965260187	-0.3810026897165334	0.9238795325112864	-0.03582680331112219	0.09361994871244503	5.732568526351759e-18	-0.9956080078038139	-0.919821860814281	-0.3826834323650905	-0.0864935544501843	None
PART	landmark_spring_vault_Opened	ToySpring	Part	Cylinder	0	0.8456174966494393	0.16	0.16	1	0.803921568627451	0.1568627450980392	-0.9389087296526017	1.6395833333333334	-0.3889087296526005	0.38100268971653173	0.9238795325112871	0.03582680331112203	0.09361994871244496	5.732568526351754e-18	-0.995608007803814	-0.9198218608142815	0.3826834323650889	-0.08649355445018432	None
PART	landmark_spring_vault_Opened	ToySpring	Part	Cylinder	0	0.8456174966494431	0.16	0.16	1	0.803921568627451	0.1568627450980392	-0.388908729652601	1.71875	-0.9389087296526006	0.9198218608142811	0.38268343236508984	0.08649355445018392	0.09361994871244454	5.732568526351729e-18	-0.995608007803814	-0.3810026897165326	0.9238795325112867	-0.03582680331112195	None
PART	landmark_spring_vault_Opened	ToySpring	Part	Cylinder	0	0.8456174966494376	0.16	0.16	1	0.803921568627451	0.1568627450980392	0.3889087296526014	1.7979166666666666	-0.9389087296526017	0.9198218608142811	-0.3826834323650897	0.08649355445018447	0.09361994871244515	5.7325685263517666e-18	-0.9956080078038139	0.3810026897165325	0.9238795325112867	0.03582680331112218	None
PART	landmark_spring_vault_Opened	ToySpring	Part	Cylinder	0	0.8456174966494412	0.16	0.16	1	0.803921568627451	0.1568627450980392	0.9389087296526006	1.8770833333333332	-0.388908729652602	0.3810026897165335	-0.9238795325112864	0.03582680331112211	0.09361994871244475	5.732568526351742e-18	-0.995608007803814	0.9198218608142807	0.3826834323650907	0.08649355445018408	None
PART	landmark_spring_vault_Opened	ToySpring	Part	Cylinder	0	0.8456174966494413	0.16	0.16	1	0.803921568627451	0.1568627450980392	0.9389087296526011	1.95625	0.38890872965260104	-0.3810026897165324	-0.9238795325112868	-0.03582680331112221	0.09361994871244526	5.7325685263517735e-18	-0.9956080078038139	0.9198218608142811	-0.3826834323650896	0.08649355445018458	None
PART	landmark_spring_vault_Opened	ToySpring	Part	Cylinder	0	0.8456174966494394	0.16	0.16	1	0.803921568627451	0.1568627450980392	0.3889087296526013	2.0354166666666664	0.9389087296526013	-0.9198218608142812	-0.3826834323650899	-0.08649355445018381	0.09361994871244443	5.732568526351722e-18	-0.995608007803814	0.3810026897165327	-0.9238795325112867	0.03582680331112191	None
PART	landmark_spring_vault_Opened	ToySpring	Part	Cylinder	0	0.8456174966494393	0.16	0.16	1	0.803921568627451	0.1568627450980392	-0.38890872965260026	2.114583333333333	0.9389087296526017	-0.9198218608142815	0.3826834323650888	-0.08649355445018433	0.09361994871244496	5.732568526351754e-18	-0.995608007803814	-0.3810026897165316	-0.9238795325112871	-0.03582680331112202	None
PART	landmark_spring_vault_Opened	ToySpring	Part	Cylinder	0	0.8456174966494413	0.16	0.16	1	0.803921568627451	0.1568627450980392	-0.9389087296526006	2.1937499999999996	0.3889087296526021	-0.38100268971653356	0.9238795325112864	-0.03582680331112231	0.09361994871244526	5.7325685263517735e-18	-0.9956080078038139	-0.9198218608142806	-0.3826834323650908	-0.08649355445018454	None
PART	landmark_spring_vault_Opened	ToySpring	Part	Cylinder	0	0.8456174966494412	0.16	0.16	1	0.803921568627451	0.1568627450980392	-0.9389087296526011	2.2729166666666667	-0.3889087296526009	0.38100268971653234	0.9238795325112868	0.035826803311122014	0.09361994871244475	5.732568526351742e-18	-0.995608007803814	-0.9198218608142812	0.38268343236508956	-0.08649355445018413	None
PART	landmark_spring_vault_Opened	ToySpring	Part	Cylinder	0	0.8456174966494377	0.16	0.16	1	0.803921568627451	0.1568627450980392	-0.3889087296526024	2.3520833333333333	-0.9389087296526013	0.9198218608142806	0.38268343236509084	0.08649355445018443	0.09361994871244514	5.732568526351766e-18	-0.9956080078038139	-0.3810026897165336	0.9238795325112863	-0.03582680331112227	None
PART	landmark_spring_vault_Opened	ToySpring	Part	Cylinder	0	0.8456174966494449	0.16	0.16	1	0.803921568627451	0.1568627450980392	0.38890872965260054	2.43125	-0.9389087296526004	0.9198218608142812	-0.38268343236508945	0.08649355445018375	0.09361994871244435	5.732568526351717e-18	-0.995608007803814	0.38100268971653223	0.9238795325112868	0.035826803311121855	None
PART	landmark_spring_vault_Opened	ToySpring	Part	Cylinder	0	0.8456174966494376	0.16	0.16	1	0.803921568627451	0.1568627450980392	0.938908729652602	2.5104166666666665	-0.3889087296526008	0.38100268971653206	-0.923879532511287	0.03582680331112212	0.09361994871244515	5.7325685263517666e-18	-0.9956080078038139	0.9198218608142814	0.3826834323650892	0.08649355445018449	None
PASS	landmark_spring_vault_Opened	51
PART	landmark_spring_vault_ball	Root	Part	Block	1	1	0.2	1	1	1	1	0	0	0	1	0	0	0	1	0	0	0	1	None
PART	landmark_spring_vault_ball	ContactSphere	Part	Ball	0	7.6	7.6	7.6	1	0.9803921568627451	0.9098039215686274	0	3.8	0	1	0	0	0	1	0	0	0	1	None
PART	landmark_spring_vault_ball	ColorPanel	Part	Block	0	7.659999999999999	7.659999999999999	4.9399999999999995	0.1568627450980392	0.7450980392156863	0.9607843137254902	0	3.8	0	1	0	0	0	1	0	0	0	1	Sphere
PART	landmark_spring_vault_ball	ColorPanel	Part	Block	0	7.659999999999999	7.659999999999999	4.9399999999999995	1	0.37254901960784315	0.49019607843137253	0	3.8	0	0.5000000000000001	0	0.8660254037844386	0	1	0	-0.8660254037844386	0	0.5000000000000001	Sphere
PART	landmark_spring_vault_ball	ColorPanel	Part	Block	0	7.659999999999999	7.659999999999999	4.9399999999999995	1	0.803921568627451	0.1568627450980392	0	3.8	0	-0.4999999999999998	0	0.8660254037844387	0	1	0	-0.8660254037844387	0	-0.4999999999999998	Sphere
PART	landmark_spring_vault_ball	Cap	Part	Ball	0	0.6	0.6	0.6	1	0.9803921568627451	0.9098039215686274	0	7.42	0	1	0	0	0	1	0	0	0	1	None
PASS	landmark_spring_vault_ball	6
PART	camp_trophy_stand	Root	Part	Block	1	1	0.2	1	1	1	1	0	0	0	1	0	0	0	1	0	0	0	1	None
PART	camp_trophy_stand	Base	Part	Block	0	2	0.25	2	0.11372549019607843	0.16470588235294117	0.26666666666666666	0	0.125	0	1	0	0	0	1	0	0	0	1	None
PART	camp_trophy_stand	Pedestal	Part	Block	0	1.6	1.25	1.6	1	0.9803921568627451	0.9098039215686274	0	0.875	0	1	0	0	0	1	0	0	0	1	None
PART	camp_trophy_stand	Top	Part	Block	0	2	0.25	2	1	0.9803921568627451	0.9098039215686274	0	1.625	0	1	0	0	0	1	0	0	0	1	None
PART	camp_trophy_stand	Plaque	Part	Block	0	0.8	0.35	0.06	1	0.803921568627451	0.1568627450980392	0	0.95	-0.83	1	0	0	0	1	0	0	0	1	None
PASS	camp_trophy_stand	5
PART	landmark_spring_vault_trophy	Root	Part	Block	1	0.18	0.036	0.18	1	1	1	0	0	0	1	0	0	0	1	0	0	0	1	None
PART	landmark_spring_vault_trophy	ContactSphere	Part	Ball	0	1.3679999999999999	1.3679999999999999	1.3679999999999999	1	0.9803921568627451	0.9098039215686274	0	0.6839999999999999	0	1	0	0	0	1	0	0	0	1	None
PART	landmark_spring_vault_trophy	ColorPanel	Part	Block	0	1.3787999999999998	1.3787999999999998	0.8891999999999999	0.1568627450980392	0.7450980392156863	0.9607843137254902	0	0.6839999999999999	0	1	0	0	0	1	0	0	0	1	Sphere
PART	landmark_spring_vault_trophy	ColorPanel	Part	Block	0	1.3787999999999998	1.3787999999999998	0.8891999999999999	1	0.37254901960784315	0.49019607843137253	0	0.6839999999999999	0	0.5000000000000001	0	0.8660254037844386	0	1	0	-0.8660254037844386	0	0.5000000000000001	Sphere
PART	landmark_spring_vault_trophy	ColorPanel	Part	Block	0	1.3787999999999998	1.3787999999999998	0.8891999999999999	1	0.803921568627451	0.1568627450980392	0	0.6839999999999999	0	-0.4999999999999998	0	0.8660254037844387	0	1	0	-0.8660254037844387	0	-0.4999999999999998	Sphere
PART	landmark_spring_vault_trophy	Cap	Part	Ball	0	0.108	0.108	0.108	1	0.9803921568627451	0.9098039215686274	0	1.3356	0	1	0	0	0	1	0	0	0	1	None
PASS	landmark_spring_vault_trophy	6
PART	tool_broadwave_effect	Root	Part	Block	1	1	0.2	1	1	1	1	0	0	0	1	0	0	0	1	0	0	0	1	None
PART	tool_broadwave_effect	Wave	Part	Block	0.3	12	1.4	0.25	0.1568627450980392	0.7450980392156863	0.9607843137254902	0	0.8	-4	1	0	0	0	1	0	0	0	1	None
PART	tool_broadwave_effect	FoamCrest	Part	Block	0	1.4	0.35	0.4	1	0.9803921568627451	0.9098039215686274	-4.949999999999999	1.55	-4	1	0	0	0	1	0	0	0	1	Sphere
PART	tool_broadwave_effect	FoamCrest	Part	Block	0	1.4	0.35	0.4	1	0.9803921568627451	0.9098039215686274	-3.3	1.55	-4	1	0	0	0	1	0	0	0	1	Sphere
PART	tool_broadwave_effect	FoamCrest	Part	Block	0	1.4	0.35	0.4	1	0.9803921568627451	0.9098039215686274	-1.65	1.55	-4	1	0	0	0	1	0	0	0	1	Sphere
PART	tool_broadwave_effect	FoamCrest	Part	Block	0	1.4	0.35	0.4	1	0.9803921568627451	0.9098039215686274	0	1.55	-4	1	0	0	0	1	0	0	0	1	Sphere
PART	tool_broadwave_effect	FoamCrest	Part	Block	0	1.4	0.35	0.4	1	0.9803921568627451	0.9098039215686274	1.65	1.55	-4	1	0	0	0	1	0	0	0	1	Sphere
PART	tool_broadwave_effect	FoamCrest	Part	Block	0	1.4	0.35	0.4	1	0.9803921568627451	0.9098039215686274	3.3	1.55	-4	1	0	0	0	1	0	0	0	1	Sphere
PART	tool_broadwave_effect	FoamCrest	Part	Block	0	1.4	0.35	0.4	1	0.9803921568627451	0.9098039215686274	4.949999999999999	1.55	-4	1	0	0	0	1	0	0	0	1	Sphere
PASS	tool_broadwave_effect	9
PART	landmark_spring_vault_ball_effect	Root	Part	Block	1	1	0.2	1	1	1	1	0	0	0	1	0	0	0	1	0	0	0	1	None
PART	landmark_spring_vault_ball_effect	BouncePuff	Part	Block	0	0.9	0.15	0.5	1	0.9803921568627451	0.9098039215686274	2.9698484809835	0.1	2.9698484809835	1	0	0	0	1	0	0	0	1	Sphere
PART	landmark_spring_vault_ball_effect	BouncePuff	Part	Block	0	0.9	0.15	0.5	1	0.9803921568627451	0.9098039215686274	2.571758278209442e-16	0.1	4.2	1	0	0	0	1	0	0	0	1	Sphere
PART	landmark_spring_vault_ball_effect	BouncePuff	Part	Block	0	0.9	0.15	0.5	1	0.9803921568627451	0.9098039215686274	-2.9698484809834995	0.1	2.9698484809835	1	0	0	0	1	0	0	0	1	Sphere
PART	landmark_spring_vault_ball_effect	BouncePuff	Part	Block	0	0.9	0.15	0.5	1	0.9803921568627451	0.9098039215686274	-4.2	0.1	5.143516556418884e-16	1	0	0	0	1	0	0	0	1	Sphere
PART	landmark_spring_vault_ball_effect	BouncePuff	Part	Block	0	0.9	0.15	0.5	1	0.9803921568627451	0.9098039215686274	-2.9698484809835004	0.1	-2.9698484809834995	1	0	0	0	1	0	0	0	1	Sphere
PART	landmark_spring_vault_ball_effect	BouncePuff	Part	Block	0	0.9	0.15	0.5	1	0.9803921568627451	0.9098039215686274	-7.715274834628325e-16	0.1	-4.2	1	0	0	0	1	0	0	0	1	Sphere
PART	landmark_spring_vault_ball_effect	BouncePuff	Part	Block	0	0.9	0.15	0.5	1	0.9803921568627451	0.9098039215686274	2.969848480983499	0.1	-2.9698484809835004	1	0	0	0	1	0	0	0	1	Sphere
PART	landmark_spring_vault_ball_effect	BouncePuff	Part	Block	0	0.9	0.15	0.5	1	0.9803921568627451	0.9098039215686274	4.2	0.1	-1.0287033112837768e-15	1	0	0	0	1	0	0	0	1	Sphere
PASS	landmark_spring_vault_ball_effect	9
PART	tool_broadwave_effect_reduced	Root	Part	Block	1	1	0.2	1	1	1	1	0	0	0	1	0	0	0	1	0	0	0	1	None
PART	tool_broadwave_effect_reduced	Wave	Part	Block	0.3	12	0.35	0.25	0.1568627450980392	0.7450980392156863	0.9607843137254902	0	0.8	-4	1	0	0	0	1	0	0	0	1	None
PART	tool_broadwave_effect_reduced	FoamCrest	Part	Block	0	1.4	0.35	0.4	1	0.9803921568627451	0.9098039215686274	-4.949999999999999	1.55	-4	1	0	0	0	1	0	0	0	1	Sphere
PART	tool_broadwave_effect_reduced	FoamCrest	Part	Block	0	1.4	0.35	0.4	1	0.9803921568627451	0.9098039215686274	-3.3	1.55	-4	1	0	0	0	1	0	0	0	1	Sphere
PART	tool_broadwave_effect_reduced	FoamCrest	Part	Block	0	1.4	0.35	0.4	1	0.9803921568627451	0.9098039215686274	-1.65	1.55	-4	1	0	0	0	1	0	0	0	1	Sphere
PART	tool_broadwave_effect_reduced	FoamCrest	Part	Block	0	1.4	0.35	0.4	1	0.9803921568627451	0.9098039215686274	0	1.55	-4	1	0	0	0	1	0	0	0	1	Sphere
PART	tool_broadwave_effect_reduced	FoamCrest	Part	Block	0	1.4	0.35	0.4	1	0.9803921568627451	0.9098039215686274	1.65	1.55	-4	1	0	0	0	1	0	0	0	1	Sphere
PART	tool_broadwave_effect_reduced	FoamCrest	Part	Block	0	1.4	0.35	0.4	1	0.9803921568627451	0.9098039215686274	3.3	1.55	-4	1	0	0	0	1	0	0	0	1	Sphere
PART	tool_broadwave_effect_reduced	FoamCrest	Part	Block	0	1.4	0.35	0.4	1	0.9803921568627451	0.9098039215686274	4.949999999999999	1.55	-4	1	0	0	0	1	0	0	0	1	Sphere
PASS	tool_broadwave_effect_reduced	9
PART	landmark_spring_vault_ball_effect_reduced	Root	Part	Block	1	1	0.2	1	1	1	1	0	0	0	1	0	0	0	1	0	0	0	1	None
PART	landmark_spring_vault_ball_effect_reduced	BouncePuff	Part	Block	0	0.9	0.15	0.5	1	0.9803921568627451	0.9098039215686274	2.571758278209442e-16	0.1	4.2	1	0	0	0	1	0	0	0	1	Sphere
PART	landmark_spring_vault_ball_effect_reduced	BouncePuff	Part	Block	0	0.9	0.15	0.5	1	0.9803921568627451	0.9098039215686274	-4.2	0.1	5.143516556418884e-16	1	0	0	0	1	0	0	0	1	Sphere
PART	landmark_spring_vault_ball_effect_reduced	BouncePuff	Part	Block	0	0.9	0.15	0.5	1	0.9803921568627451	0.9098039215686274	-7.715274834628325e-16	0.1	-4.2	1	0	0	0	1	0	0	0	1	Sphere
PART	landmark_spring_vault_ball_effect_reduced	BouncePuff	Part	Block	0	0.9	0.15	0.5	1	0.9803921568627451	0.9098039215686274	4.2	0.1	-1.0287033112837768e-15	1	0	0	0	1	0	0	0	1	Sphere
PASS	landmark_spring_vault_ball_effect_reduced	5
ALL EXPANSION ASSET CONSTRUCTION CHECKS PASSED
